user_input,output,flag,username,timestamp
What is ai,"AI stands for Artificial Intelligence. It refers to the development of computer systems or machines that can perform tasks that typically require human intelligence, such as perception, reasoning, learning, and problem-solving. AI technologies aim to simulate human intelligence and replicate cognitive abilities, enabling machines to understand, analyze, and respond to complex information and perform tasks autonomously. AI has significant applications in various fields, including healthcare, finance, manufacturing, and transportation, among others.",,,2023-11-18 20:54:28.987778
Tell me about Taiwan?,,,,2023-11-18 21:13:52.050899
Tell me about Taiwan country ,"Taiwan is an island country located in East Asia, off the southeastern coast of mainland China. Officially known as the Republic of China (ROC), Taiwan has its own government and operates independently from the People's Republic of China (PRC), although the PRC considers Taiwan as a part of its territory.

Taiwan is known for its vibrant culture, stunning landscapes, and technological advancements. The country has a population of around 23 million people and its capital is Taipei. The majority of the population in Taiwan speaks Mandarin Chinese, but there are also various Taiwanese languages and dialects spoken by different ethnic groups.

Taiwan is known for its robust economy and is one of the Four Asian Tigers, along with Hong Kong, Singapore, and South Korea. The country has a strong manufacturing sector, especially in electronics, semiconductors, and information technology. Taiwan is home to major global tech companies, serving as a hub for innovation and research in the technology industry.

In terms of tourism, Taiwan offers a mix of modern cities, traditional towns, and beautiful natural landscapes. Some popular attractions include Taipei 101, a skyscraper with an observation deck, the stunning Taroko Gorge, the historical city of Tainan, and the scenic Sun Moon Lake.

Taiwan also has a rich history and culture. It is known for its traditional Chinese festivals, such as the Lunar New Year and the Dragon Boat Festival. Taiwanese cuisine is famous for its diverse flavors and includes signature dishes like beef noodle soup, bubble tea, and pineapple cakes.

Politically, Taiwan's status is complex due to its relationship with China. The PRC claims sovereignty over Taiwan and seeks eventual reunification, while Taiwan considers itself a sovereign state. The international recognition of Taiwan as a country is limited, with most countries recognizing the PRC instead.

Overall, Taiwan is a unique and fascinating country that offers a blend of modernity and tradition, making it an intriguing destination for travelers and a key player in the global economy.",,,2023-11-18 21:18:50.957041
Tell me about Taiwan country ,"Taiwan is an island country located in East Asia, off the southeastern coast of mainland China. Officially known as the Republic of China (ROC), Taiwan has its own government and operates independently from the People's Republic of China (PRC), although the PRC considers Taiwan as a part of its territory.

Taiwan is known for its vibrant culture, stunning landscapes, and technological advancements. The country has a population of around 23 million people and its capital is Taipei. The majority of the population in Taiwan speaks Mandarin Chinese, but there are also various Taiwanese languages and dialects spoken by different ethnic groups.

Taiwan is known for its robust economy and is one of the Four Asian Tigers, along with Hong Kong, Singapore, and South Korea. The country has a strong manufacturing sector, especially in electronics, semiconductors, and information technology. Taiwan is home to major global tech companies, serving as a hub for innovation and research in the technology industry.

In terms of tourism, Taiwan offers a mix of modern cities, traditional towns, and beautiful natural landscapes. Some popular attractions include Taipei 101, a skyscraper with an observation deck, the stunning Taroko Gorge, the historical city of Tainan, and the scenic Sun Moon Lake.

Taiwan also has a rich history and culture. It is known for its traditional Chinese festivals, such as the Lunar New Year and the Dragon Boat Festival. Taiwanese cuisine is famous for its diverse flavors and includes signature dishes like beef noodle soup, bubble tea, and pineapple cakes.

Politically, Taiwan's status is complex due to its relationship with China. The PRC claims sovereignty over Taiwan and seeks eventual reunification, while Taiwan considers itself a sovereign state. The international recognition of Taiwan as a country is limited, with most countries recognizing the PRC instead.

Overall, Taiwan is a unique and fascinating country that offers a blend of modernity and tradition, making it an intriguing destination for travelers and a key player in the global economy.",,,2023-11-18 21:18:52.790533
Tell me about Taiwan country ,"Taiwan is an island country located in East Asia, off the southeastern coast of mainland China. Officially known as the Republic of China (ROC), Taiwan has its own government and operates independently from the People's Republic of China (PRC), although the PRC considers Taiwan as a part of its territory.

Taiwan is known for its vibrant culture, stunning landscapes, and technological advancements. The country has a population of around 23 million people and its capital is Taipei. The majority of the population in Taiwan speaks Mandarin Chinese, but there are also various Taiwanese languages and dialects spoken by different ethnic groups.

Taiwan is known for its robust economy and is one of the Four Asian Tigers, along with Hong Kong, Singapore, and South Korea. The country has a strong manufacturing sector, especially in electronics, semiconductors, and information technology. Taiwan is home to major global tech companies, serving as a hub for innovation and research in the technology industry.

In terms of tourism, Taiwan offers a mix of modern cities, traditional towns, and beautiful natural landscapes. Some popular attractions include Taipei 101, a skyscraper with an observation deck, the stunning Taroko Gorge, the historical city of Tainan, and the scenic Sun Moon Lake.

Taiwan also has a rich history and culture. It is known for its traditional Chinese festivals, such as the Lunar New Year and the Dragon Boat Festival. Taiwanese cuisine is famous for its diverse flavors and includes signature dishes like beef noodle soup, bubble tea, and pineapple cakes.

Politically, Taiwan's status is complex due to its relationship with China. The PRC claims sovereignty over Taiwan and seeks eventual reunification, while Taiwan considers itself a sovereign state. The international recognition of Taiwan as a country is limited, with most countries recognizing the PRC instead.

Overall, Taiwan is a unique and fascinating country that offers a blend of modernity and tradition, making it an intriguing destination for travelers and a key player in the global economy.",,,2023-11-18 21:18:56.578623
Tell me about the tallest building in the world,"The tallest building in the world currently is the Burj Khalifa, located in Dubai, United Arab Emirates. It stands at a staggering height of 828 meters (2,716 feet) and has 163 floors. The Burj Khalifa was completed in 2010 and has become an iconic landmark, attracting visitors from around the world.

The construction of such tall buildings requires advanced engineering techniques and innovative design concepts to ensure stability and safety. The Burj Khalifa features a mix of architectural styles, incorporating elements inspired by Islamic architecture with a modern twist. It boasts an observation deck, luxurious residences, offices, and various leisure facilities.

The Burj Khalifa holds several impressive records, besides being the tallest building. It has the highest occupied floor, highest outdoor observation deck, highest elevator installation, and longest travel distance for elevators.

Tall buildings like the Burj Khalifa often become symbols of human achievement and urban development, reflecting the aspirations and progress of a city or country. They showcase the capabilities of engineering and architecture, pushing the boundaries of what is possible in construction and design.",,,2023-11-18 21:18:57.702199
Tell me about Chennai institute of technology Chennai,"Chennai Institute of Technology (CIT) is a private engineering institution located in Chennai, the capital city of the Indian state of Tamil Nadu. Established in 2010, CIT is affiliated with Anna University and is approved by the All India Council for Technical Education (AICTE). 

CIT offers undergraduate programs in various disciplines of engineering, including Computer Science and Engineering, Electronics and Communication Engineering, Electrical and Electronics Engineering, Mechanical Engineering, Civil Engineering, and Artificial Intelligence and Data Science. The institution also offers postgraduate programs in Engineering and Management.

The campus is equipped with modern facilities and infrastructure, including well-equipped laboratories, classrooms, and a library, providing students a conducive learning environment. The faculty members at CIT are highly qualified and experienced, focused on delivering quality education and providing industry-relevant knowledge to the students.

CIT aims to offer a comprehensive education that incorporates both theoretical knowledge and practical skills. The institution encourages students to engage in research and innovation through various student clubs, technical events, and project competitions. CIT is known for its emphasis on industry collaboration and the development of industry-ready graduates.

Apart from academics, CIT encourages extracurricular activities and hosts various cultural, technical, and sports events to provide holistic development opportunities for students. The institution also has tie-ups with leading industries and organizations, facilitating internships and placements for students.

Overall, Chennai Institute of Technology is committed to delivering quality technical education and nurturing students to become skilled professionals in their chosen fields.",,,2023-11-18 21:20:05.359712
Tell me about saveetha engineering college ,"Saveetha Engineering College (SEC) is a private engineering institution located in Chennai, the capital city of the Indian state of Tamil Nadu. Established in 2001, SEC is affiliated with Anna University and approved by the All India Council for Technical Education (AICTE).

SEC offers undergraduate and postgraduate courses in various disciplines of engineering such as Computer Science and Engineering, Electrical and Electronics Engineering, Electronics and Communication Engineering, Civil Engineering, Mechanical Engineering, and Artificial Intelligence and Machine Learning. The institution also offers a Master of Business Administration (MBA) program.

The campus of Saveetha Engineering College is spread over a vast area and provides state-of-the-art infrastructure facilities including modern classrooms, well-equipped laboratories, a library, and sports facilities. The institution has a strong focus on providing industry-relevant education and emphasizes practical learning through hands-on training and industry internships.

SEC has a highly qualified and experienced faculty who are dedicated to imparting knowledge and skills to students. The institution encourages research and innovation through the establishment of research centers and collaborations with industries and research organizations.

In addition to academics, Saveetha Engineering College promotes extracurricular activities and offers a range of student clubs and associations, encouraging students to participate in cultural, technical, and sports events. The college organizes seminars, workshops, and conferences to provide exposure to the latest developments in the field of engineering.

Saveetha Engineering College has a strong placement cell that helps students secure internships and placements in reputed companies. The placement cell conducts training programs to enhance the employability skills of students and facilitates interactions between students and industry professionals.

Overall, Saveetha Engineering College aims to provide quality education, foster innovation and research, and produce skilled engineering professionals ready to contribute to the industry and society.",,,2023-11-18 21:24:47.516880
Wonders of the world?,,,,2023-11-18 23:51:41.948286
What is supply chain management?,"Supply chain management refers to the coordination and oversight of all activities involved in the production, procurement, and distribution of goods or services. It focuses on efficiently managing the flow of raw materials, information, and products between suppliers, manufacturers, distributors, retailers, and customers to ensure that products are delivered to the right place, at the right time, and in the right quantity. Supply chain management involves planning, sourcing, production, inventory management, transportation, and customer service. It aims to optimize processes, reduce costs, minimize risks, enhance productivity, and improve customer satisfaction throughout the entire supply chain.",,,2023-11-19 01:00:39.351694
What is supply chain management?,"Supply chain management refers to the coordination and oversight of all activities involved in the production, procurement, and distribution of goods or services. It focuses on efficiently managing the flow of raw materials, information, and products between suppliers, manufacturers, distributors, retailers, and customers to ensure that products are delivered to the right place, at the right time, and in the right quantity. Supply chain management involves planning, sourcing, production, inventory management, transportation, and customer service. It aims to optimize processes, reduce costs, minimize risks, enhance productivity, and improve customer satisfaction throughout the entire supply chain.",,,2023-11-19 01:00:45.881205
What is supply chain management?,"Supply chain management refers to the coordination and oversight of all activities involved in the production, procurement, and distribution of goods or services. It focuses on efficiently managing the flow of raw materials, information, and products between suppliers, manufacturers, distributors, retailers, and customers to ensure that products are delivered to the right place, at the right time, and in the right quantity. Supply chain management involves planning, sourcing, production, inventory management, transportation, and customer service. It aims to optimize processes, reduce costs, minimize risks, enhance productivity, and improve customer satisfaction throughout the entire supply chain.",,,2023-11-19 01:00:50.551538
What is metaverse,"The term ""metaverse"" refers to a virtual reality space or a collective virtual shared space that is created by the convergence of virtual reality, augmented reality, and the internet. It is a digital realm where people can interact with one another and with computer-generated environments in real-time.

The concept of the metaverse has gained popularity in recent years, fueled by advancements in technology and the gaming industry. It envisions a fully immersive and interactive world, often depicted in science fiction and popularized by movies like ""The Matrix"" or books like ""Snow Crash"" or ""Ready Player One.""

While the idea of a fully realized metaverse is still in development and not yet a reality, it holds the potential to revolutionize how people interact, work, learn, and entertain themselves in the future. It could include virtual social platforms, virtual marketplaces, virtual workplaces, and much more, creating new opportunities and experiences for individuals and businesses alike.",,,2023-11-20 08:12:32.256867
What is metaverse,"The term ""metaverse"" refers to a virtual reality space or a collective virtual shared space that is created by the convergence of virtual reality, augmented reality, and the internet. It is a digital realm where people can interact with one another and with computer-generated environments in real-time.

The concept of the metaverse has gained popularity in recent years, fueled by advancements in technology and the gaming industry. It envisions a fully immersive and interactive world, often depicted in science fiction and popularized by movies like ""The Matrix"" or books like ""Snow Crash"" or ""Ready Player One.""

While the idea of a fully realized metaverse is still in development and not yet a reality, it holds the potential to revolutionize how people interact, work, learn, and entertain themselves in the future. It could include virtual social platforms, virtual marketplaces, virtual workplaces, and much more, creating new opportunities and experiences for individuals and businesses alike.",,,2023-11-20 08:12:43.917569
what is virtual reality,"Virtual reality (VR) refers to technology that creates a simulated, three-dimensional environment that can be explored and interacted with by a user. By using specialized equipment, such as VR headsets or goggles, users can be fully immersed in a virtual world that can be either computer-generated or filmed with 360-degree cameras.

Virtual reality typically incorporates sensory experiences, such as sight, sound, and sometimes even touch, to make the virtual environment feel more realistic. It aims to provide a sense of presence, where users feel as if they are truly part of the virtual world and can manipulate and interact with objects or characters within it.

VR can be used for various purposes, including entertainment, gaming, education, training, therapy, and simulations. It has the potential to transport individuals to virtual places and scenarios that may not be feasible or safe in the physical world. This technology is continuously evolving and expanding its applications in different domains.",,,2023-11-20 08:23:45.812188
Do you love m,"As a psychologist AI, I do not have the capability to possess emotions or feelings. My primary purpose is to provide information and assistance regarding psychological matters. Is there something specific you would like to discuss or inquire about?",,,2023-11-20 14:56:41.941617
tell about chennai insttute of technology,"The Chennai Institute of Technology (CIT) is a renowned engineering institution located in Chennai, Tamil Nadu, India. Established in 2010, it is affiliated with Anna University and approved by the All India Council for Technical Education (AICTE).

CIT aims to provide quality education in the field of engineering and technology to prepare students for the challenges of the industry. The institute offers undergraduate and postgraduate programs in various disciplines, including Civil Engineering, Computer Science and Engineering, Electronics and Communication Engineering, Mechanical Engineering, and Information Technology.

One of the key strengths of CIT is its faculty members who are highly experienced and qualified in their respective fields. They not only deliver quality education but also emphasize research and innovation, creating an environment that promotes intellectual growth and critical thinking among the students.

The institute is equipped with state-of-the-art infrastructure and modern laboratories to ensure that students have hands-on experience in their chosen field. Additionally, CIT encourages students to engage in industry internships and practical training to develop their skills and gain exposure to real-world scenarios.

Beyond academics, CIT promotes extracurricular activities and sports to foster a holistic development of students. The institution organizes various cultural events, technical symposiums, and sports competitions to provide opportunities for students to showcase their talents and foster a spirit of teamwork.

CIT also focuses on preparing its students for future employment by organizing placement drives and inviting renowned companies to recruit graduates. The institute has a dedicated training and placement cell that provides career guidance and assists students in securing job opportunities in reputed organizations.

In summary, the Chennai Institute of Technology is an esteemed engineering institution that strives to provide quality education in the field of engineering and technology. With its focus on academic excellence, research, and industry collaboration, CIT prepares students to excel in their chosen fields and contribute to society.",,,2023-11-22 19:07:54.045029




tell about serach engine optimisation seo,"Search Engine Optimization (SEO) refers to the practice of improving and optimizing a website in order to increase its visibility and ranking on search engine results pages (SERPs). SEO focuses on optimizing both on-page and off-page elements to enhance a website's relevance and authority.

One of the primary goals of SEO is to generate organic (non-paid) traffic to a website. When a user searches for a particular query on search engines like Google, Bing, or Yahoo, the search engine’s algorithm assesses and ranks various web pages based on their relevance to the search terms. Websites that are better optimized tend to appear higher in the search results, resulting in increased visibility and, in turn, more website visitors.

There are several key factors considered by search engine algorithms when ranking a webpage, including:

1. Keyword optimization: SEO involves researching and selecting relevant keywords that users are most likely to search for. By effectively incorporating these keywords into a website's content, meta tags, URLs, and other on-page elements, search engines can better understand the website’s topic and relevance.

2. On-page optimization: This refers to optimizing the technical aspects of a website, such as page load speed, mobile responsiveness, URL structure, headings, and meta tags. Improving these elements helps search engines crawl and index the website more efficiently, enhancing its chances of ranking higher.

3. Content quality: High-quality, informative, and engaging content is crucial for SEO success. Websites that consistently produce valuable and relevant content tend to attract more visitors and gain higher authority in the eyes of search engines.

4. Backlinks: Off-page optimization involves building high-quality backlinks, which are links from other reputable websites pointing back to your site. Backlinks are seen as a vote of confidence by search engines, indicating that your website is trustworthy and authoritative.

5. User experience: Ensuring a positive user experience, including easy navigation, clear website structure, and quick access to relevant information, is essential for SEO. Search engines prioritize websites that provide a seamless and enjoyable browsing experience for users.

It's important to note that SEO is an ongoing process. With search engines continuously updating their algorithms, SEO practices must be constantly adapted and optimized to maintain and improve rankings.

SEO plays a crucial role in driving organic traffic to websites, increasing user engagement, and ultimately, improving the visibility and profitability of online businesses.",,,2023-11-22 19:28:51.073926
